-- MariaDB dump 10.19  Distrib 10.4.32-MariaDB, for Win64 (AMD64)
--
-- Host: 74.208.62.188    Database: soccer-platform
-- ------------------------------------------------------
-- Server version	10.6.16-MariaDB-0ubuntu0.22.04.1

/*!40101 SET @OLD_CHARACTER_SET_CLIENT=@@CHARACTER_SET_CLIENT */;
/*!40101 SET @OLD_CHARACTER_SET_RESULTS=@@CHARACTER_SET_RESULTS */;
/*!40101 SET @OLD_COLLATION_CONNECTION=@@COLLATION_CONNECTION */;
/*!40101 SET NAMES utf8mb4 */;
/*!40103 SET @OLD_TIME_ZONE=@@TIME_ZONE */;
/*!40103 SET TIME_ZONE='+00:00' */;
/*!40014 SET @OLD_UNIQUE_CHECKS=@@UNIQUE_CHECKS, UNIQUE_CHECKS=0 */;
/*!40014 SET @OLD_FOREIGN_KEY_CHECKS=@@FOREIGN_KEY_CHECKS, FOREIGN_KEY_CHECKS=0 */;
/*!40101 SET @OLD_SQL_MODE=@@SQL_MODE, SQL_MODE='NO_AUTO_VALUE_ON_ZERO' */;
/*!40111 SET @OLD_SQL_NOTES=@@SQL_NOTES, SQL_NOTES=0 */;

--
-- Table structure for table `matches`
--

DROP TABLE IF EXISTS `matches`;
/*!40101 SET @saved_cs_client     = @@character_set_client */;
/*!40101 SET character_set_client = utf8 */;
CREATE TABLE `matches` (
  `id_match` int(10) unsigned NOT NULL AUTO_INCREMENT,
  `local_team_id` int(10) unsigned NOT NULL,
  `visitor_team_id` int(10) unsigned NOT NULL,
  `match_referee_id` int(10) unsigned DEFAULT NULL,
  `start_schedule_match` timestamp NOT NULL DEFAULT current_timestamp() ON UPDATE current_timestamp(),
  `finish_schedule_match` timestamp NULL DEFAULT NULL ON UPDATE current_timestamp(),
  `status_match` smallint(5) unsigned NOT NULL DEFAULT 0,
  `field_match` varchar(255) DEFAULT NULL,
  `matchday_match` int(10) unsigned DEFAULT NULL,
  `local_goals_match` int(10) unsigned DEFAULT 0,
  `visitor_goals_match` int(10) unsigned DEFAULT 0,
  `local_shots_match` int(10) unsigned DEFAULT 0,
  `visitor_shots_match` int(10) unsigned DEFAULT 0,
  `local_fouls_match` int(10) unsigned DEFAULT 0,
  `visitor_fouls_match` int(10) unsigned DEFAULT 0,
  `local_corners_match` int(10) unsigned DEFAULT 0,
  `visitor_corners_match` int(10) unsigned DEFAULT 0,
  `local_yellow_cards_match` int(10) unsigned DEFAULT 0,
  `visitor_yellow_cards_match` int(10) unsigned DEFAULT 0,
  `local_red_cards_match` int(10) unsigned DEFAULT 0,
  `visitor_red_cards_match` int(10) unsigned DEFAULT 0,
  PRIMARY KEY (`id_match`),
  KEY `matches_visitor_team_id` (`visitor_team_id`),
  KEY `matches_local_team_id` (`local_team_id`),
  KEY `matches_referee_id` (`match_referee_id`),
  CONSTRAINT `matches_local_team_id` FOREIGN KEY (`local_team_id`) REFERENCES `teams` (`id_team`) ON DELETE CASCADE ON UPDATE CASCADE,
  CONSTRAINT `matches_referee_id` FOREIGN KEY (`match_referee_id`) REFERENCES `referees` (`id_referee`) ON DELETE CASCADE ON UPDATE CASCADE,
  CONSTRAINT `matches_visitor_team_id` FOREIGN KEY (`visitor_team_id`) REFERENCES `teams` (`id_team`) ON DELETE NO ACTION ON UPDATE CASCADE
) ENGINE=InnoDB AUTO_INCREMENT=23 DEFAULT CHARSET=utf8mb3 COLLATE=utf8mb3_general_ci;
/*!40101 SET character_set_client = @saved_cs_client */;

--
-- Dumping data for table `matches`
--

LOCK TABLES `matches` WRITE;
/*!40000 ALTER TABLE `matches` DISABLE KEYS */;
INSERT INTO `matches` VALUES (1,5,2,2,'2024-05-04 07:58:12','2024-05-04 07:58:12',4,NULL,NULL,4,5,0,0,0,0,0,0,0,0,0,0),(2,3,1,3,'2024-05-04 07:58:13','2024-05-04 07:58:13',1,NULL,NULL,0,1,0,0,0,0,0,0,0,0,0,0),(3,4,6,1,'2024-05-04 07:58:13','2024-05-04 07:58:13',0,NULL,NULL,NULL,NULL,0,0,0,0,0,0,0,0,0,0),(4,2,5,3,'2024-05-04 07:58:14','2024-05-04 07:58:14',4,'Allianz Arena',NULL,NULL,NULL,0,0,0,0,0,0,0,0,0,0),(5,2,5,3,'2024-05-04 07:58:14','2024-05-04 07:58:14',1,'Allianz Arena',NULL,4,5,0,0,0,0,0,0,0,0,0,0),(6,2,5,3,'2024-05-04 07:58:14','2024-05-04 07:58:14',1,'Allianz Arena',NULL,6,2,0,0,0,0,0,0,0,0,0,0),(7,2,5,3,'2024-05-04 07:58:15','2024-05-04 07:58:15',1,'Allianz Arena',NULL,NULL,5,0,0,0,0,0,0,0,0,0,0),(8,2,5,3,'2024-05-04 07:58:15','2024-05-04 07:58:15',1,'Allianz Arena',NULL,4,NULL,0,0,0,0,0,0,0,0,0,0),(9,2,5,3,'2024-05-04 07:58:15','2024-05-04 07:58:15',1,'Allianz Arena',NULL,3,5,0,0,0,0,0,0,0,0,0,0),(10,2,5,3,'2024-05-04 07:58:16','2024-05-04 07:58:16',1,'Allianz Arena',NULL,2,3,0,0,0,0,0,0,0,0,0,0),(11,2,5,3,'2024-05-04 07:58:16','2024-05-04 07:58:16',1,'Allianz Arena',NULL,4,1,0,0,0,0,0,0,0,0,0,0),(12,2,5,3,'2024-05-04 07:58:17','2024-05-04 07:58:17',1,'Allianz Arena',NULL,NULL,NULL,0,0,0,0,0,0,0,0,0,0),(13,2,5,3,'2024-05-04 07:58:17','2024-05-04 07:58:17',1,'Allianz Arena',NULL,NULL,NULL,0,0,0,0,0,0,0,0,0,0),(14,2,5,3,'2024-05-04 07:58:17','2024-05-04 07:58:17',1,'Allianz Arena',NULL,NULL,NULL,0,0,0,0,0,0,0,0,0,0),(21,9,1,11,'2024-04-30 15:00:00',NULL,0,'Ciudad Universitaria, Puebla, Puebla',1,0,0,0,0,0,0,0,0,0,0,0,0),(22,27,2,4,'2024-05-04 19:28:30',NULL,0,'Polideportivo',1,0,0,0,0,0,0,0,0,0,0,0,0);
/*!40000 ALTER TABLE `matches` ENABLE KEYS */;
UNLOCK TABLES;

--
-- Table structure for table `players`
--

DROP TABLE IF EXISTS `players`;
/*!40101 SET @saved_cs_client     = @@character_set_client */;
/*!40101 SET character_set_client = utf8 */;
CREATE TABLE `players` (
  `id_player` int(10) unsigned NOT NULL AUTO_INCREMENT,
  `name_player` varchar(255) NOT NULL,
  `last_names_player` varchar(255) DEFAULT NULL,
  `nickname_player` varchar(255) DEFAULT NULL,
  `dorsal_player` int(11) NOT NULL,
  `position_player` varchar(255) NOT NULL,
  `player_team_id` int(10) unsigned NOT NULL,
  `goals_player` int(10) unsigned DEFAULT NULL,
  `assists_player` int(10) unsigned DEFAULT NULL,
  `fouls_player` int(10) unsigned DEFAULT NULL,
  `yellow_cards_player` int(10) unsigned DEFAULT NULL,
  `red_cards_player` int(10) unsigned DEFAULT NULL,
  `img_player` text DEFAULT NULL,
  PRIMARY KEY (`id_player`),
  KEY `players_player_team_id` (`player_team_id`),
  CONSTRAINT `players_player_team_id` FOREIGN KEY (`player_team_id`) REFERENCES `teams` (`id_team`) ON DELETE NO ACTION ON UPDATE CASCADE
) ENGINE=InnoDB AUTO_INCREMENT=286 DEFAULT CHARSET=utf8mb3 COLLATE=utf8mb3_general_ci;
/*!40101 SET character_set_client = @saved_cs_client */;

--
-- Dumping data for table `players`
--

LOCK TABLES `players` WRITE;
/*!40000 ALTER TABLE `players` DISABLE KEYS */;
INSERT INTO `players` VALUES (0,'Thibaut ','Courtois',NULL,1,'Portero',5,0,0,0,0,0,'https://publish-p47754-e237306.adobeaemcloud.com/adobe/dynamicmedia/deliver/dm-aid--cf385c94-3f27-4e07-877e-bf6d23a5764d/_80X501_COURTOIS.app.png?preferwebp=true&width=288&height=384'),(1,'Manuel','Neuer',NULL,1,'Portero',2,1,0,3,2,1,'https://img.fcbayern.com/image/upload/t_cms-portrait/f_auto/w_840%2Cc_fill/q_auto/v1687851641/cms/public/images/fcbayern-com/players/spielerportraits/ganzkoerper/manuel_neuer.png'),(2,'Daniel','Peretz',NULL,18,'Portero',2,0,0,0,0,0,'https://img.fcbayern.com/image/upload/t_cms-portrait/f_auto/w_840%2Cc_fill/q_auto/v1692987763/cms/public/images/fcbayern-com/players/spielerportraits/teaser/daniel-peretz.png'),(3,'Sven','Ulreich',NULL,26,'Portero',2,0,0,0,0,0,'https://img.fcbayern.com/image/upload/t_cms-portrait/f_auto/w_840%2Cc_fill/q_auto/v1656615996/cms/public/images/fcbayern-com/players/spielerportraits/ganzkoerper/sven_ulreich.png'),(4,'Dayot','Upamecano',NULL,2,'Defensa',2,0,0,0,0,0,'https://img.fcbayern.com/image/upload/t_cms-portrait/f_auto/w_840%2Cc_fill/q_auto/v1656614772/cms/public/images/fcbayern-com/players/spielerportraits/ganzkoerper/dayot_upamecano.png'),(5,'Kim','Minjae',NULL,3,'Defensa',2,0,0,0,0,0,'https://img.fcbayern.com/image/upload/t_cms-portrait/f_auto/w_840%2Cc_fill/q_auto/v1689695039/cms/public/images/fcbayern-com/players/spielerportraits/teaser/minjae-kim.png'),(6,'Matthijs','de Ligt',NULL,4,'Defensa',2,0,0,0,0,0,'https://img.fcbayern.com/image/upload/t_cms-portrait/f_auto/w_840%2Cc_fill/q_auto/v1659953193/cms/public/images/fcbayern-com/players/spielerportraits/ganzkoerper/matthijs-de-ligt.png'),(7,'Eric','Dier',NULL,15,'Defensa',2,0,0,0,0,0,'https://img.fcbayern.com/image/upload/t_cms-portrait/f_auto/w_840%2Cc_fill/q_auto/v1704991485/cms/public/images/fcbayern-com/players/spielerportraits/ganzkoerper/eric-dier.png'),(8,'Alphonso','Davies',NULL,19,'Lateral',2,0,0,0,0,0,'https://img.fcbayern.com/image/upload/t_cms-portrait/f_auto/w_840%2Cc_fill/q_auto/v1656615722/cms/public/images/fcbayern-com/players/spielerportraits/ganzkoerper/alphonso_davies.png'),(9,'Bouna','Sarr',NULL,20,'',2,0,0,0,0,0,'https://img.fcbayern.com/image/upload/t_cms-portrait/f_auto/w_840%2Cc_fill/q_auto/v1656615788/cms/public/images/fcbayern-com/players/spielerportraits/ganzkoerper/bouna_sarr.png'),(10,'Raphaël','Guerreiro',NULL,22,'Lateral',2,0,0,0,0,0,'https://img.fcbayern.com/image/upload/t_cms-portrait/f_auto/w_840%2Cc_fill/q_auto/v1687514017/cms/public/images/fcbayern-com/players/spielerportraits/ganzkoerper/raphael-guerreiro.png'),(11,'Sacha','Boey',NULL,23,'',2,0,0,0,0,0,'https://img.fcbayern.com/image/upload/t_cms-portrait/f_auto/w_840%2Cc_fill/q_auto/v1706387443/cms/public/images/fcbayern-com/players/spielerportraits/ganzkoerper/sacha-boey.png'),(12,'Tarek','Buchmann',NULL,28,'',2,0,0,8,0,0,'https://img.fcbayern.com/image/upload/t_cms-portrait/f_auto/w_840%2Cc_fill/q_auto/v1687856498/cms/public/images/fcbayern-com/players/spielerportraits/teaser/Tarek-Buchmann.png'),(13,'Noussair','Mazraoui',NULL,40,'Lateral',2,0,0,0,0,0,'https://img.fcbayern.com/image/upload/t_cms-portrait/f_auto/w_840%2Cc_fill/q_auto/v1653464477/cms/public/images/fcbayern-com/players/spielerportraits/ganzkoerper/noussair_mazraoui.png'),(14,'Joshua','Kimmich',NULL,6,'Mediocampista',2,0,0,0,0,0,'https://img.fcbayern.com/image/upload/t_cms-portrait/f_auto/w_840%2Cc_fill/q_auto/v1656614911/cms/public/images/fcbayern-com/players/spielerportraits/ganzkoerper/joshua_kimmich.png'),(15,'Leon','Goretzka',NULL,8,'Mediocampista',2,0,0,0,0,0,'https://img.fcbayern.com/image/upload/t_cms-portrait/f_auto/w_840%2Cc_fill/q_auto/v1660123320/cms/public/images/fcbayern-com/players/spielerportraits/ganzkoerper/leon_goretzka.png'),(16,'Konrad','Laimer',NULL,27,'Mediocampista',2,0,0,0,0,0,'https://img.fcbayern.com/image/upload/t_cms-portrait/f_auto/w_840%2Cc_fill/q_auto/v1686144311/cms/public/images/fcbayern-com/players/spielerportraits/ganzkoerper/konrad-laimer.png'),(17,'Jamal','Musiala',NULL,42,'',2,0,0,0,0,0,'https://img.fcbayern.com/image/upload/t_cms-portrait/f_auto/w_840%2Cc_fill/q_auto/v1627304019/cms/public/images/fcbayern-com/players/spielerportraits/ganzkoerper/jamal_musiala.png'),(18,'Alexander','Pavlović',NULL,45,'',2,0,0,0,0,0,'https://img.fcbayern.com/image/upload/t_cms-portrait/f_auto/w_840%2Cc_fill/q_auto/v1698928615/cms/public/images/fcbayern-com/players/spielerportraits/ganzkoerper/aleksandar-pavlovic.png'),(19,'Serge','Gnabry',NULL,7,'',2,0,0,0,0,0,'https://img.fcbayern.com/image/upload/t_cms-portrait/f_auto/w_840%2Cc_fill/q_auto/v1656615030/cms/public/images/fcbayern-com/players/spielerportraits/ganzkoerper/serge_gnabry.png'),(20,'Harry','Kane',NULL,9,'Delantero',2,34,8,6,0,0,'https://img.fcbayern.com/image/upload/t_cms-portrait/f_auto/w_840%2Cc_fill/q_auto/v1691827799/cms/public/images/fcbayern-com/players/spielerportraits/ganzkoerper/harry-kane.png'),(21,'Leroy','Sané',NULL,10,'Extremo',2,7,15,3,0,0,'https://img.fcbayern.com/image/upload/t_cms-portrait/f_auto/w_840%2Cc_fill/q_auto/v1656615390/cms/public/images/fcbayern-com/players/spielerportraits/ganzkoerper/leroy_sane.png'),(22,'Kingsley','Coman',NULL,11,'',2,9,5,7,0,0,'https://img.fcbayern.com/image/upload/t_cms-portrait/f_auto/w_840%2Cc_fill/q_auto/v1627303340/cms/public/images/fcbayern-com/players/spielerportraits/ganzkoerper/kingsley_coman.png'),(23,'Eric Maxim','Choupo-Moting',NULL,13,'Delantero',2,0,0,0,0,0,'https://img.fcbayern.com/image/upload/t_cms-portrait/f_auto/w_840%2Cc_fill/q_auto/v1627303391/cms/public/images/fcbayern-com/players/spielerportraits/ganzkoerper/choupo_moting.png'),(24,'Bryan','Zaragoza',NULL,17,'',2,0,0,0,0,0,'https://img.fcbayern.com/image/upload/t_cms-portrait/f_auto/w_840%2Cc_fill/q_auto/v1706780847/cms/public/images/fcbayern-com/players/spielerportraits/ganzkoerper/bryan-zaragoza.png'),(25,'Thomas','Müller',NULL,25,'',2,0,0,0,0,0,'https://img.fcbayern.com/image/upload/t_cms-portrait/f_auto/w_840%2Cc_fill/q_auto/v1629460365/cms/public/images/fcbayern-com/players/spielerportraits/ganzkoerper/thomas_mueller.png'),(26,'Mathys','Tel',NULL,39,'',2,0,0,0,0,0,'https://img.fcbayern.com/image/upload/t_cms-portrait/f_auto/w_840%2Cc_fill/q_auto/v1658820607/cms/public/images/fcbayern-com/players/spielerportraits/ganzkoerper/mathys-tel.png'),(27,'Scott','Carson',NULL,33,'',3,0,0,0,0,0,'https://www.mancity.com/meta/media/ejhjw1j4/scott-carson.png?width=2000&quality=100'),(28,'Ederson','Moraes',NULL,31,'',3,0,0,0,0,0,'https://www.mancity.com/meta/media/pjbbld2d/ederson.png?width=2000&quality=100'),(29,'Stefan','Ortega Moreno',NULL,18,'',3,0,0,0,0,0,'https://www.mancity.com/meta/media/hhfbwcql/stefan-ortega-moreno.png?width=2000&quality=100'),(30,'Manuel','Akanji',NULL,25,'',3,0,0,0,0,0,'https://www.mancity.com/meta/media/e2hfjfy4/manuel-akanji.png?width=2000&quality=100'),(31,'Nathan','Aké',NULL,6,'',3,0,0,0,0,0,'https://www.mancity.com/meta/media/lyxf1bib/nathan-ake.png?width=2000&quality=100'),(32,'Rúben','Dias',NULL,3,'',3,0,0,0,0,0,'https://www.mancity.com/meta/media/krkbnttm/ruben-dias.png?width=2000&quality=100'),(33,'Sergio','Gómez',NULL,21,'',3,0,0,0,0,0,'https://www.mancity.com/meta/media/rugnmbcw/sergio-gomez.png?width=2000&quality=100'),(34,'Josko','Gvardiol',NULL,24,'',3,0,0,0,0,0,'https://www.mancity.com/meta/media/kwrfct1a/josko-gvardiol.png?width=2000&quality=100'),(35,'Rico','Lewis',NULL,82,'',3,0,0,0,0,0,'https://www.mancity.com/meta/media/klelnaf5/rico-lewis.png?width=2000&quality=100'),(36,'John','Stones',NULL,5,'',3,0,0,0,0,0,'https://www.mancity.com/meta/media/a1vpyqjy/john-stones.png?width=2000&quality=100'),(37,'Kyle','Walker',NULL,2,'',3,0,0,0,0,0,'https://www.mancity.com/meta/media/zpth3rby/kyle-walker.png?width=2000&quality=100'),(38,'Oscar','Bobb',NULL,52,'',3,0,0,0,0,0,'https://www.mancity.com/meta/media/5contrxj/oscar-bobb.png?width=2000&quality=100'),(39,'Kevin','De Bruyne',NULL,17,'',3,0,0,0,0,0,'https://www.mancity.com/meta/media/z00hnhu0/kevin-de-bruyne.png?width=2000&quality=100'),(40,'Jeremy','Doku',NULL,11,'',3,0,0,0,0,0,'https://www.mancity.com/meta/media/acxpthbg/jeremy-doku.png?width=2000&quality=100'),(41,'Phil','Foden',NULL,47,'',3,15,10,5,0,0,'https://www.mancity.com/meta/media/apzpgmcj/phil-foden.png?width=2000&quality=100'),(42,'Jack','Grealish',NULL,10,'',3,0,0,0,0,0,'https://www.mancity.com/meta/media/ax3mxptm/jack-grealish.png?width=2000&quality=100'),(43,'Mateo','Kovacić',NULL,8,'',3,0,0,0,0,0,'https://www.mancity.com/meta/media/wzsdq1xh/mateo-kovacic.png?width=2000&quality=100'),(44,'Matheus','Nunes',NULL,27,'',3,0,0,0,0,0,'https://www.mancity.com/meta/media/fswle01k/matheus-nunes.png?width=2000&quality=100'),(45,'Rodrigo',NULL,NULL,16,'',3,0,0,0,0,0,'https://www.mancity.com/meta/media/luzpuwv2/rodrigo.png?width=2000&quality=100'),(46,'Bernardo','Silva',NULL,20,'',3,0,0,0,0,0,'https://www.mancity.com/meta/media/yw1hniot/bernardo-silva.png?width=2000&quality=100'),(47,'Julián','Álvarez',NULL,19,'',3,8,15,3,0,0,'https://www.mancity.com/meta/media/4vwjsfxg/julian-alvarez.png?width=2000&quality=100'),(48,'Erling','Haaland',NULL,9,'',3,20,5,4,0,0,'https://www.mancity.com/meta/media/jybffupz/erling-haaland.png?width=2000&quality=100'),(50,'Andriy ','Lunin',NULL,13,'',5,0,0,0,0,0,'https://publish-p47754-e237306.adobeaemcloud.com/adobe/dynamicmedia/deliver/dm-aid--42fe343a-4c5c-4c7f-b286-727374ad3bfc/_80X501_LUNIN.app.png?preferwebp=true&width=288&height=384'),(51,'Kepa','Arrizabalaga ',NULL,25,'',5,0,0,0,0,0,'https://publish-p47754-e237306.adobeaemcloud.com/adobe/dynamicmedia/deliver/dm-aid--6fadaa97-89b6-4605-a847-77898991a68c/_80X501_KEPA.app.png?preferwebp=true&width=288&height=384'),(52,'Daniel','Carvajal',NULL,2,'',5,0,0,0,0,0,'https://publish-p47754-e237306.adobeaemcloud.com/adobe/dynamicmedia/deliver/dm-aid--a740e082-589b-4f04-ad04-8aaa47b8fb03/_80X501_CARVAJAL.app.png?preferwebp=true&width=288&height=384'),(53,'Éder','Militão',NULL,3,'',5,0,0,0,0,0,'https://publish-p47754-e237306.adobeaemcloud.com/adobe/dynamicmedia/deliver/dm-aid--b9abe8ed-2021-411c-84b2-4f15a453c858/_80X501_MILITAO.app.png?preferwebp=true&width=288&height=384'),(54,'David','Alaba',NULL,4,'',5,0,0,0,0,0,'https://publish-p47754-e237306.adobeaemcloud.com/adobe/dynamicmedia/deliver/dm-aid--da3fe7c5-e819-4b32-83d7-d4fabbe3d1aa/_80X501_ALABA.app.png?preferwebp=true&width=288&height=384'),(55,'Nacho','Fernández',NULL,6,'',5,0,0,0,0,0,'https://publish-p47754-e237306.adobeaemcloud.com/adobe/dynamicmedia/deliver/dm-aid--aa46fb6e-29e8-4fbf-bc72-4f4e627ba94d/NACHO_carita_380x501.app.png?preferwebp=true&width=288&height=384'),(56,'Lucas','Vázquez',NULL,17,'',5,0,0,0,0,0,'https://publish-p47754-e237306.adobeaemcloud.com/adobe/dynamicmedia/deliver/dm-aid--4b182d2d-d1dc-4749-aedd-b67a1ec3ae0b/_80X501_LUCAS.app.png?preferwebp=true&width=288&height=384'),(57,'Francisco ','García',NULL,20,'',5,0,0,0,0,0,'https://publish-p47754-e237306.adobeaemcloud.com/adobe/dynamicmedia/deliver/dm-aid--d00752ad-bfd6-43f9-bc95-1483ce215642/_80X501_FRAN_GARCIA.app.png?preferwebp=true&width=288&height=384'),(58,'Antonio ','Rüdiger',NULL,22,'',5,0,0,0,0,0,'https://publish-p47754-e237306.adobeaemcloud.com/adobe/dynamicmedia/deliver/dm-aid--c47b32e2-7efd-43cb-aec1-e1303ff8eb64/_80X501_RUDIGER.app.png?preferwebp=true&width=288&height=384'),(59,'Ferland','Mendy',NULL,23,'',5,0,0,0,0,0,'https://publish-p47754-e237306.adobeaemcloud.com/adobe/dynamicmedia/deliver/dm-aid--24e5954f-68c8-4f84-8710-f4bb5759cb06/_80X501_MENDY.app.png?preferwebp=true&width=288&height=384'),(60,'Jude','Bellingham',NULL,5,'',5,0,0,0,0,0,'https://publish-p47754-e237306.adobeaemcloud.com/adobe/dynamicmedia/deliver/dm-aid--0a9e21fb-3646-411f-abed-b372915ed2fe/_80X501_BELLINGHAM.app.png?preferwebp=true&width=288&height=384'),(61,'Toni','Kroos',NULL,8,'',5,0,0,0,0,0,'https://publish-p47754-e237306.adobeaemcloud.com/adobe/dynamicmedia/deliver/dm-aid--77e1186a-871f-4b70-83dd-2e6fb24c908f/_80X501_KROOS.app.png?preferwebp=true&width=288&height=384'),(62,'Luka','Modrić',NULL,10,'',5,0,0,0,0,0,'https://publish-p47754-e237306.adobeaemcloud.com/adobe/dynamicmedia/deliver/dm-aid--d2dead4a-81e1-4bfb-81fd-748c72bd20b3/_80X501_MODRIC.app.png?preferwebp=true&width=288&height=384'),(63,'Eduardo','Camavinga',NULL,12,'',5,0,0,0,0,0,'https://publish-p47754-e237306.adobeaemcloud.com/adobe/dynamicmedia/deliver/dm-aid--6440de95-460a-48cf-a39d-69242abaf01d/_80X501_CAMAVINGA.app.png?preferwebp=true&width=288&height=384'),(64,'Federico','Valverde',NULL,15,'',5,0,0,0,0,0,'https://publish-p47754-e237306.adobeaemcloud.com/adobe/dynamicmedia/deliver/dm-aid--dec8ffe6-da1d-4cc9-95c1-3e4e6dfd5a21/_80X501_VALVERDE.app.png?preferwebp=true&width=288&height=384'),(65,'Aurélien','Tchouameni',NULL,18,'',5,0,0,0,0,0,'https://publish-p47754-e237306.adobeaemcloud.com/adobe/dynamicmedia/deliver/dm-aid--7c5b8c36-f82b-4c87-9f76-8e9b6f0b8881/_80X501_TCHOUAMENI.app.png?preferwebp=true&width=288&height=384'),(66,'Daniel','Ceballos',NULL,19,'',5,0,0,0,0,0,'https://publish-p47754-e237306.adobeaemcloud.com/adobe/dynamicmedia/deliver/dm-aid--a3fdbbfa-249f-4890-9c64-7d76d2c00796/_80X501_CEBALLOS.app.png?preferwebp=true&width=288&height=384'),(67,'Arda','Güler',NULL,24,'',5,0,0,0,0,0,'https://publish-p47754-e237306.adobeaemcloud.com/adobe/dynamicmedia/deliver/dm-aid--73e777cf-a12f-4373-ba9f-daac7928f328/_80X501_GULER.app.png?preferwebp=true&width=288&height=384'),(68,'Vinicius ','Junior',NULL,7,'',5,0,0,0,0,0,'https://publish-p47754-e237306.adobeaemcloud.com/adobe/dynamicmedia/deliver/dm-aid--07308c80-aaac-4856-9e12-9f045a794eed/_80X501_VINI.app.png?preferwebp=true&width=288&height=384'),(69,'Rodrygo','Goes',NULL,11,'',5,0,0,0,0,0,'https://publish-p47754-e237306.adobeaemcloud.com/adobe/dynamicmedia/deliver/dm-aid--36f93fe4-f8fa-409c-bafe-c39edc38ca46/_80X501_RODRYGO.app.png?preferwebp=true&width=288&height=384'),(70,'Joselu','Mato',NULL,14,'',5,0,0,0,0,0,'https://publish-p47754-e237306.adobeaemcloud.com/adobe/dynamicmedia/deliver/dm-aid--0cabe63f-21c0-4568-8aa3-54cc30aa1650/_80X501_JOSELU.app.png?preferwebp=true&width=288&height=384'),(71,'Brahim','Díaz',NULL,21,'',5,0,0,0,0,0,'https://publish-p47754-e237306.adobeaemcloud.com/adobe/dynamicmedia/deliver/dm-aid--ef325587-3a42-4be7-8ff4-8465c3a994b6/_80X501_BRAHIM.app.png?preferwebp=true&width=288&height=384'),(72,'Ter','Stegen',NULL,1,'',6,0,0,0,0,0,'https://assets.laliga.com/squad/2023/t178/p77318/512x512/p77318_t178_2023_1_003_000.png'),(73,'João','Cancelo',NULL,7,'',6,0,0,0,0,0,'https://assets.laliga.com/squad/2023/t178/p121145/512x512/p121145_t178_2023_1_003_000.png'),(74,'Alejandro ','Balde',NULL,3,'',6,0,0,0,0,0,'https://assets.laliga.com/squad/2023/t178/p493019/512x512/p493019_t178_2023_1_003_000.png'),(75,'Ronald ','Araujo',NULL,4,'',6,0,0,0,0,0,'https://assets.laliga.com/squad/2023/t178/p445087/512x512/p445087_t178_2023_1_003_000.png'),(76,'Iñigo ','Martínez',NULL,5,'',6,0,0,0,0,0,'https://assets.laliga.com/squad/2023/t178/p90318/512x512/p90318_t178_2023_1_003_000.png'),(77,'Andreas','Christensen',NULL,15,'',6,0,0,0,0,0,'https://assets.laliga.com/squad/2023/t178/p135363/512x512/p135363_t178_2023_1_003_000.png'),(78,'Marcos','Alonso',NULL,17,'',6,0,0,0,0,0,'https://assets.laliga.com/squad/2023/t178/p82263/512x512/p82263_t178_2023_1_003_000.png'),(79,'Jules','Kounde',NULL,23,'',6,0,0,0,0,0,'https://assets.laliga.com/squad/2023/t178/p220325/512x512/p220325_t178_2023_1_003_000.png'),(80,'Gavi',NULL,NULL,6,'',6,0,0,0,0,0,'https://assets.laliga.com/squad/2023/t178/p500046/512x512/p500046_t178_2023_1_003_000.png'),(81,'Pedri',NULL,NULL,8,'',6,0,0,0,0,0,'https://assets.laliga.com/squad/2023/t178/p490541/512x512/p490541_t178_2023_1_003_000.png'),(82,'Fermín','López',NULL,16,'',6,0,0,0,0,0,'https://assets.laliga.com/squad/2023/t178/p551086/512x512/p551086_t178_2023_1_003_000.png'),(83,'Oriol','Romeu',NULL,18,'',6,0,0,0,0,0,'https://assets.laliga.com/squad/2023/t178/p78056/512x512/p78056_t178_2023_1_003_000.png'),(84,'Sergi','Roberto',NULL,20,'',6,0,0,0,0,0,'https://assets.laliga.com/squad/2023/t178/p86157/512x512/p86157_t178_2023_1_003_000.png'),(85,'Frenkie','de Jong',NULL,21,'',6,0,0,0,0,0,'https://assets.laliga.com/squad/2023/t178/p209712/512x512/p209712_t178_2023_1_003_000.png'),(86,'Ilkay','Gündogan',NULL,22,'',6,0,0,0,0,0,'https://assets.laliga.com/squad/2023/t178/p59859/512x512/p59859_t178_2023_1_003_000.png'),(87,'Ferran','Torres',NULL,7,'',6,0,0,0,0,0,'https://assets.laliga.com/squad/2023/t178/p224444/512x512/p224444_t178_2023_1_003_000.png'),(88,'Robert','Lewandowski',NULL,9,'',6,0,0,0,0,0,'https://assets.laliga.com/squad/2023/t178/p56764/512x512/p56764_t178_2023_1_003_000.png'),(89,'Raphinha',NULL,NULL,11,'',6,0,0,0,0,0,'https://assets.laliga.com/squad/2023/t178/p219961/512x512/p219961_t178_2023_1_003_000.png'),(90,'João ','Félix',NULL,14,'',6,0,0,0,0,0,'https://assets.laliga.com/squad/2023/t178/p428399/512x512/p428399_t178_2023_1_003_000.png'),(91,'Vitor','Roque',NULL,19,'',6,0,0,0,0,0,'https://assets.laliga.com/squad/2023/t178/p554806/512x512/p554806_t178_2023_1_003_000.png'),(92,'Yann','Sommer',NULL,1,'',7,0,0,0,0,0,'https://intermilan.bynder.com/transform/0b09313d-0d76-460f-8029-01c676fcd94d/Sommer_2x?quality=100&io=transform:fill,width:1728,height:2075&format=webp'),(93,'Raffaele','Di Gennaro',NULL,12,'',7,0,0,0,0,0,'https://intermilan.bynder.com/transform/61c883e9-3e25-4ec5-8265-f849f383991d/Di_Gennaro_2x?quality=100&io=transform:fill,width:1728,height:2075&format=webp'),(94,'Emil','Audero',NULL,77,'',7,0,0,0,0,0,'https://intermilan.bynder.com/transform/ecf4a2a9-92a5-425a-b2c9-2f9054aef74a/Audero_2x?quality=100&io=transform:fill,width:1728,height:2075&format=webp'),(95,'Stefan','De Vrij',NULL,6,'',7,0,0,0,0,0,'https://intermilan.bynder.com/transform/83294804-df59-4a92-9882-e03037587462/De_vrij_2x?quality=100&io=transform:fill,width:1728,height:2075&format=webp'),(96,'Francesco','Acerbi',NULL,15,'',7,0,0,0,0,0,'https://intermilan.bynder.com/transform/def73bbf-9dfb-4502-b51b-0ac7ee8cdcd6/Acerbi_2x?quality=100&io=transform:fill,width:1728,height:2075&format=webp'),(97,'Benjamin','Pavard',NULL,28,'',7,0,0,0,0,0,'https://intermilan.bynder.com/transform/dd090506-1b00-4131-b283-c7436d73532b/Pavard_2x?quality=100&io=transform:fill,width:1728,height:2075&format=webp'),(98,'Yann-Aurel','Bisseck',NULL,31,'',7,0,0,0,0,0,'https://intermilan.bynder.com/transform/f5c8ea25-188e-4ccd-add2-5dad79670ac0/Bisseck_2x?quality=100&io=transform:fill,width:1728,height:2075&format=webp'),(99,'Federico','Dimarco',NULL,32,'',7,0,0,0,0,0,'https://intermilan.bynder.com/transform/eb3886fe-2f2a-4acf-975b-a6c02c5e9b5b/Dimarco_2x?quality=100&io=transform:fill,width:1728,height:2075&format=webp'),(100,'Matteo','Darmian',NULL,36,'',7,0,0,0,0,0,'https://intermilan.bynder.com/transform/e3f490ea-5bbc-41e8-a02a-1d5b3f61a83d/Darmian_2x?quality=100&io=transform:fill,width:1728,height:2075&format=webp'),(101,'Alessandro','Bastoni',NULL,95,'',7,0,0,0,0,0,'https://intermilan.bynder.com/transform/474c1a82-8003-47b1-89bb-291bc6166c07/Bastoni_2x?quality=100&io=transform:fill,width:1728,height:2075&format=webp'),(102,'Denzel','Dumfries',NULL,2,'',7,0,0,0,0,0,'https://intermilan.bynder.com/transform/0c809a7e-fa44-4f18-b36d-2157cd3818d8/Dumfries_2x?quality=100&io=transform:fill,width:1728,height:2075&format=webp'),(103,'Stefano','Sensi',NULL,5,'',7,0,0,0,0,0,'https://intermilan.bynder.com/transform/0231e76b-0c7f-4098-8345-6e7c1ba64e2e/Sensi_2x?quality=100&io=transform:fill,width:1728,height:2075&format=webp'),(104,'Juan','Cuadrado',NULL,7,'',7,0,0,0,0,0,'https://intermilan.bynder.com/transform/52c23e89-c5c0-4835-8c86-7cdc9f40a117/Cuadrado_2x?quality=100&io=transform:fill,width:1728,height:2075&format=webp'),(105,'Davy','Klaassen',NULL,14,'',7,0,0,0,0,0,'https://intermilan.bynder.com/transform/0c5329d8-036e-482c-a6b8-5d75f2dad177/Klaassen_2x?quality=100&io=transform:fill,width:1728,height:2075&format=webp'),(106,'Davide','Frattesi',NULL,16,'',7,0,0,0,0,0,'https://intermilan.bynder.com/transform/54365dfd-a3cc-421e-a58d-b6db189bf506/Frattesi_2x?quality=100&io=transform:fill,width:1728,height:2075&format=webp'),(107,'Buchanan','Tajon',NULL,17,'',7,0,0,0,0,0,'https://intermilan.bynder.com/transform/64f38725-fe22-4501-bb9c-abf6b10c51c9/Buchanan_2x?quality=100&io=transform:fill,width:1728,height:2075&format=webp'),(108,'Hakan','Calhanoglu',NULL,20,'',7,0,0,0,0,0,'https://intermilan.bynder.com/transform/d7b5dcaa-2689-4d0f-a617-57a785c98326/Calhanoglu_2x?quality=100&io=transform:fill,width:1728,height:2075&format=webp'),(109,'Kristjan','Allani',NULL,21,'',7,0,0,0,0,0,'https://intermilan.bynder.com/transform/df23fa53-3cd2-4d67-963e-061c87c52024/Asllani_2x?quality=100&io=transform:fill,width:1728,height:2075&format=webp'),(110,'Henrikh','Mkhitaryan',NULL,22,'',7,0,0,0,0,0,'https://intermilan.bynder.com/transform/bafe2ed3-f4d8-4d9a-b1ad-c501738587fb/Mkhitaryan_2x?quality=100&io=transform:fill,width:1728,height:2075&format=webp'),(111,'Nicolò','Barella',NULL,23,'',7,0,0,0,0,0,'https://intermilan.bynder.com/transform/3e5faf8e-a0d8-4c59-a0b6-f303c6000951/Berella_2x?quality=100&io=transform:fill,width:1728,height:2075&format=webp'),(112,'Zopolato','Neves',NULL,30,'',7,0,0,0,0,0,'https://intermilan.bynder.com/transform/8ca24fa0-2184-4b30-97f6-4131eaba15e2/Carlos_2x?quality=100&io=transform:fill,width:1728,height:2075&format=webp'),(113,'Marko','Arnautović',NULL,8,'',7,0,0,0,0,0,'https://intermilan.bynder.com/transform/b750c0fb-a0f8-403d-a4b6-6193d3ac5a50/Arnautovic_2x?quality=100&io=transform:fill,width:1728,height:2075&format=webp'),(114,'Marcus','Thuram',NULL,9,'',7,0,0,0,0,0,'https://intermilan.bynder.com/transform/a61aa1ba-0b31-42bf-b17f-91fa22403259/Thuram_2x?quality=100&io=transform:fill,width:1728,height:2075&format=webp'),(115,'Lautaro','Martínez',NULL,10,'',7,0,0,0,0,0,'https://intermilan.bynder.com/transform/f1758b6c-1ea9-4532-940d-c00236ebaa51/Lautaro_2x?quality=100&io=transform:fill,width:1728,height:2075&format=webp'),(116,'Alexis','Sanchez',NULL,20,'',7,0,0,0,0,0,'https://intermilan.bynder.com/transform/90b99916-827a-4916-a959-d362dd735ed4/Sanchez_2x?quality=100&io=transform:fill,width:1728,height:2075&format=webp'),(117,'Mike','Maignan',NULL,16,'',8,0,0,0,0,0,'https://assets-eu-01.kc-usercontent.com/1293c890-579f-01b7-8480-902cca7de55e/5d1bc343-f9eb-4aa0-89d5-344ab8ea3cdf/Maignan-Large.png?w=undefined&h=498&dpr=1&auto=format'),(118,'Antonio','Mirante',NULL,83,'',8,0,0,0,0,0,'https://assets-eu-01.kc-usercontent.com/1293c890-579f-01b7-8480-902cca7de55e/c8e615d9-03dc-4c35-9543-60136949a0dd/Mirante-Large.png?w=undefined&h=498&dpr=1&auto=format'),(119,'Lapo Franceso','Nava',NULL,69,'',8,0,0,0,0,0,'https://assets-eu-01.kc-usercontent.com/1293c890-579f-01b7-8480-902cca7de55e/30b53fa0-4537-4c79-b53c-edb5028244b1/Nava-Large.png?w=undefined&h=498&dpr=1&auto=format'),(120,'Marco','Sportiello',NULL,57,'',8,0,0,0,0,0,'https://assets-eu-01.kc-usercontent.com/1293c890-579f-01b7-8480-902cca7de55e/9988c46c-73de-4814-899f-d228937a1fa9/Sportiello-Large.png?w=undefined&h=498&dpr=1&auto=format'),(121,'Davide','Calabria',NULL,2,'',8,0,0,0,0,0,'https://assets-eu-01.kc-usercontent.com/1293c890-579f-01b7-8480-902cca7de55e/577671d0-dd7d-4764-8842-aabc26313262/Calabria-Large.png?w=undefined&h=498&dpr=1&auto=format'),(122,'Mattia','Caldara',NULL,30,'',8,0,0,0,0,0,'https://assets-eu-01.kc-usercontent.com/1293c890-579f-01b7-8480-902cca7de55e/0aea039e-a703-4c32-9d14-615735ec3b16/Caldara-Large.png?w=undefined&h=498&dpr=1&auto=format'),(123,'Alessandro','Florenzi',NULL,42,'',8,0,0,0,0,0,'https://assets-eu-01.kc-usercontent.com/1293c890-579f-01b7-8480-902cca7de55e/7353a92a-4d31-4d38-92b1-6b91d57ed4d4/Florenzi-Large.png?w=undefined&h=498&dpr=1&auto=format'),(124,'Matteo','Gabbia',NULL,46,'',8,0,0,0,0,0,'https://assets-eu-01.kc-usercontent.com/1293c890-579f-01b7-8480-902cca7de55e/04237c41-618e-4196-99bb-63d1ab1c2584/Gabbia-Large.png?w=undefined&h=498&dpr=1&auto=format'),(125,'Theo','Hernández',NULL,19,'',8,0,0,0,0,0,'https://assets-eu-01.kc-usercontent.com/1293c890-579f-01b7-8480-902cca7de55e/a4242730-4279-42a7-a5e5-f3b07b5b0abd/Hernandez-Large.png?w=undefined&h=498&dpr=1&auto=format'),(126,'Pierre','Kalulu',NULL,20,'',8,0,0,0,0,0,'https://assets-eu-01.kc-usercontent.com/1293c890-579f-01b7-8480-902cca7de55e/df9b8e6d-85b4-4bac-b5b1-aba36351bdf6/Kalulu-Large.png?w=undefined&h=498&dpr=1&auto=format'),(127,'Simon','Kjær',NULL,24,'',8,0,0,0,0,0,'https://assets-eu-01.kc-usercontent.com/1293c890-579f-01b7-8480-902cca7de55e/a2e5d75b-7098-45f8-bb40-9ebb7c246186/Kjaer-Large.png?w=undefined&h=498&dpr=1&auto=format'),(128,'Filippo','Terracciano',NULL,38,'',8,0,0,0,0,0,'https://assets-eu-01.kc-usercontent.com/1293c890-579f-01b7-8480-902cca7de55e/08b915bf-6ce4-4434-ac7a-4add1eb73a38/Terracciano-Large.png?w=undefined&h=498&dpr=1&auto=format'),(129,'Malick','Thiaw',NULL,28,'',8,0,0,0,0,0,'https://assets-eu-01.kc-usercontent.com/1293c890-579f-01b7-8480-902cca7de55e/b50d00f6-fd18-465d-9337-3bbc43337657/Thiaw-Large.png?w=undefined&h=498&dpr=1&auto=format'),(130,'Fikayo','Tomori',NULL,23,'',8,0,0,0,0,0,'https://assets-eu-01.kc-usercontent.com/1293c890-579f-01b7-8480-902cca7de55e/b529546b-1507-4e12-97ec-340de04978c6/Tomori-Large.png?w=undefined&h=498&dpr=1&auto=format'),(131,'Yacine','Adli',NULL,7,'',8,0,0,0,0,0,'https://assets-eu-01.kc-usercontent.com/1293c890-579f-01b7-8480-902cca7de55e/ab65eb1d-ab60-4ef4-950e-fac58b39cbc3/Adli-Large.png?w=undefined&h=498&dpr=1&auto=format'),(132,'Ismaël','Bennacer',NULL,4,'',8,0,0,0,0,0,'https://assets-eu-01.kc-usercontent.com/1293c890-579f-01b7-8480-902cca7de55e/cbd4d9a3-f025-432f-a4c9-1377f6d11e62/Bennacer-Large.png?w=undefined&h=498&dpr=1&auto=format'),(133,'Ruben','Loftus-Cheek',NULL,8,'',8,0,0,0,0,0,'https://assets-eu-01.kc-usercontent.com/1293c890-579f-01b7-8480-902cca7de55e/674bf85b-fba6-4ebb-a387-72ad1534baed/LoftsuCheek-Large.png?w=undefined&h=498&dpr=1&auto=format'),(134,'Yunus','Musah',NULL,80,'',8,0,0,0,0,0,'https://assets-eu-01.kc-usercontent.com/1293c890-579f-01b7-8480-902cca7de55e/103fff53-18fb-4f43-8642-75c0d8678416/Musah-Large.png?w=undefined&h=498&dpr=1&auto=format'),(135,'Tommaso','Pobega',NULL,32,'',8,0,0,0,0,0,'https://assets-eu-01.kc-usercontent.com/1293c890-579f-01b7-8480-902cca7de55e/2f6ddd37-bff2-4e69-9de4-267fa1289a4f/Pobega-Large.png?w=undefined&h=498&dpr=1&auto=format'),(136,'Christian','Pulisic',NULL,11,'',8,0,0,0,0,0,'https://assets-eu-01.kc-usercontent.com/1293c890-579f-01b7-8480-902cca7de55e/f4035d16-e764-4fc4-98c8-6b9411c63c90/Pulisic-Large.png?w=undefined&h=498&dpr=1&auto=format'),(137,'Tijjani','Reijnders',NULL,14,'',8,0,0,0,0,0,'https://assets-eu-01.kc-usercontent.com/1293c890-579f-01b7-8480-902cca7de55e/b202b558-c884-46cb-b8bf-6e263de7f247/Reijnders-Large.png?w=undefined&h=498&dpr=1&auto=format'),(138,'Samuel','Chukwueze',NULL,21,'',8,0,0,0,0,0,'https://assets-eu-01.kc-usercontent.com/1293c890-579f-01b7-8480-902cca7de55e/27ed5796-6f54-42b5-a2a8-960dfed8f71d/Chukwueze-Large.png?w=undefined&h=498&dpr=1&auto=format'),(139,'Oliver','Giroud',NULL,9,'',8,0,0,0,0,0,'https://assets-eu-01.kc-usercontent.com/1293c890-579f-01b7-8480-902cca7de55e/930587f5-9cb5-43e3-ab41-0a2472365257/Giroud-Large.png?w=undefined&h=498&dpr=1&auto=format'),(140,'Luka','Jović',NULL,15,'',8,0,0,0,0,0,'https://assets-eu-01.kc-usercontent.com/1293c890-579f-01b7-8480-902cca7de55e/fdc3431d-be7c-43cd-abb7-fc3b4f49dce8/Jovic-Large.png?w=undefined&h=498&dpr=1&auto=format'),(141,'Rafael','Leão',NULL,10,'',8,0,0,0,0,0,'https://assets-eu-01.kc-usercontent.com/1293c890-579f-01b7-8480-902cca7de55e/bd48b51c-2df0-427b-afd9-ea5778915245/Leao-Large.png?w=undefined&h=498&dpr=1&auto=format'),(142,'Noah','Okafor',NULL,17,'',8,0,0,0,0,0,'https://assets-eu-01.kc-usercontent.com/1293c890-579f-01b7-8480-902cca7de55e/bbe60db1-29dc-44ea-85e9-4f3e69a641a7/Okafor-Large.png?w=undefined&h=498&dpr=1&auto=format'),(143,'Keylor','Navas',NULL,1,'',9,0,0,0,0,0,'https://www.psg.fr/media/33317/cards-23-24_navas-alt.png?center=0.5,0.5&mode=crop&width=400&height=600&quality=75'),(144,'Alexandre','Letellier',NULL,30,'',9,0,0,0,0,0,'https://www.psg.fr/media/187967/cards-23-24_letellier-alt.png?center=0.5,0.5&mode=crop&width=400&height=600&quality=75'),(145,'Arnau','Tenas',NULL,80,'',9,0,0,0,0,0,'https://www.psg.fr/media/253243/cards-23-24_tenas-alt.png?center=0.5,0.5&mode=crop&width=400&height=600&quality=75'),(146,'Gialuigi','Donnaraumma',NULL,99,'',9,0,0,0,0,0,'https://www.psg.fr/media/207154/cards-23-24_donnarumma-alt.png?center=0.5,0.5&mode=crop&width=400&height=600&quality=75'),(147,'Achraf','Hakimi',NULL,2,'',9,0,0,0,0,0,'https://www.psg.fr/media/207376/cards-23-24_hakimi-alt.png?center=0.5,0.5&mode=crop&width=400&height=600&quality=75'),(148,'Presnel','Kimpembe',NULL,3,'',9,0,0,0,0,0,'https://www.psg.fr/media/27044/cards-23-24_kimpembe-alt.png?center=0.5,0.5&mode=crop&width=400&height=600&quality=75'),(149,'Marquinhos',NULL,NULL,5,'',9,0,0,0,0,0,'https://www.psg.fr/media/27046/cards-23-24_marquinhos-alt.png?center=0.5,0.5&mode=crop&width=400&height=600&quality=75'),(150,'Danilo','Pereira',NULL,15,'',9,0,0,0,0,0,'https://www.psg.fr/media/187878/cards-23-24_danilo-alt.png?center=0.5,0.5&mode=crop&width=400&height=600&quality=75'),(151,'Lucas','Hernandez',NULL,21,'',9,0,0,0,0,0,'https://www.psg.fr/media/249249/cards-23-24_hernandez-alt4.png?center=0.5,0.5&mode=crop&width=400&height=600&quality=75'),(152,'Nuno','Mendes',NULL,25,'',9,0,0,0,0,0,'https://www.psg.fr/media/210082/cards-23-24_mendes-alt.png?center=0.5,0.5&mode=crop&width=400&height=600&quality=75'),(153,'Nordi','Mukiele',NULL,26,'',9,0,0,0,0,0,'https://www.psg.fr/media/228214/cards-23-24_mukiele-alt.png?center=0.5,0.5&mode=crop&width=400&height=600&quality=75'),(154,'Lucas','Beraldo',NULL,35,'',9,0,0,0,0,0,'https://www.psg.fr/media/260482/cards-23-24_beraldo_35.png?center=0.5,0.5&mode=crop&width=400&height=600&quality=75'),(155,'Milan','Škriniar',NULL,37,'',9,0,0,0,0,0,'https://www.psg.fr/media/249240/cards-23-24_skriniar-alt2.png?center=0.5,0.5&mode=crop&width=400&height=600&quality=75'),(156,'Layvin','Kurzawa',NULL,97,'',9,0,0,0,0,0,'https://www.psg.fr/media/27056/cards-23-24_kurzawa-alt3.png?crop=0.22,0.0,0.1136,0.0&cropmode=percentage&width=400&height=600&quality=75'),(157,'Manuel','Ugarte',NULL,4,'',9,0,0,0,0,0,'https://www.psg.fr/media/249246/cards-23-24_ugarte-alt4.png?center=0.5,0.5&mode=crop&width=400&height=600&quality=75'),(158,'Fabian','Ruiz',NULL,8,'',9,0,0,0,0,0,'https://www.psg.fr/media/230562/cards-23-24_ruiz-alt2.png?center=0.5,0.5&mode=crop&width=400&height=600&quality=75'),(159,'Vitinha',NULL,NULL,17,'',9,0,0,0,0,0,'https://www.psg.fr/media/227375/cards-23-24_vitinha.png?center=0.5,0.5&mode=crop&width=400&height=600&quality=75'),(160,'Lee','Kang-in',NULL,19,'',9,0,0,0,0,0,'https://www.psg.fr/media/249236/cards-23-24_lee-alt2.png?center=0.5,0.5&mode=crop&width=400&height=600&quality=75'),(161,'Carlos','Soler',NULL,28,'',9,0,0,0,0,0,'https://www.psg.fr/media/230563/cards-23-24_soler-alt.png?center=0.5,0.5&mode=crop&width=400&height=600&quality=75'),(162,'Warren','Zaire-Emery',NULL,33,'',9,0,0,0,0,0,'https://www.psg.fr/media/229097/cards-23-24_zaire-alt.png?center=0.5,0.5&mode=crop&width=400&height=600&quality=75'),(163,'Ethan','Mbappé',NULL,38,'',9,0,0,0,0,0,'https://www.psg.fr/media/253240/cards-23-24_ethanmbappe-alt2.png?center=0.5,0.5&mode=crop&width=400&height=600&quality=75'),(164,'Senny','Mayulu',NULL,41,'',9,0,0,0,0,0,'https://www.psg.fr/media/261179/cards-23-24_41_mayulu.png?center=0.5,0.5&mode=crop&width=400&height=600&quality=75'),(165,'Kylian','Mbappé',NULL,7,'',9,32,15,9,0,0,'https://www.psg.fr/media/27048/cards-23-24_mbappe.png?center=0.5,0.5&mode=crop&width=400&height=600&quality=75'),(166,'Gonçalo','Ramos',NULL,9,'',9,0,0,0,0,0,'https://www.psg.fr/media/251025/cards-23-24_ramos-alt2.png?center=0.5,0.5&mode=crop&width=400&height=600&quality=75'),(167,'Ousmane','Dembélé',NULL,10,'',9,0,0,0,0,0,'https://www.psg.fr/media/251515/cards-23-24_dembele-alt3.png?center=0.5,0.5&mode=crop&width=400&height=600&quality=75'),(168,'Marco','Asensio',NULL,11,'',9,0,0,0,0,0,'https://www.psg.fr/media/249241/cards-23-24_asensio-alt4.png?center=0.5,0.5&mode=crop&width=400&height=600&quality=75'),(169,'Randal','Kolo Muani',NULL,23,'',9,0,0,0,0,0,'https://www.psg.fr/media/252969/cards-23-24_kolomuani-alt.png?center=0.5,0.5&mode=crop&width=400&height=600&quality=75'),(170,'Bradley','Barcola',NULL,29,'',9,0,0,0,0,0,'https://www.psg.fr/media/252850/cards-23-24_barcola-alt4.png?center=0.5,0.5&mode=crop&width=400&height=600&quality=75'),(171,'Marco','Bizot',NULL,40,'',10,0,0,0,0,0,'https://cdn-3.sb29.bzh/scripts/files/64d0a629552aa8.91805853/bizot-site.jpg'),(172,'Grégoire','Coudert',NULL,30,'',10,0,0,0,0,0,'https://cdn-1.sb29.bzh/scripts/files/64d0f8606c1c36.49466764/coudert-ste.jpg'),(173,'Yan','Marillat',NULL,16,'',10,0,0,0,0,0,'https://cdn-2.sb29.bzh/scripts/files/65144aec849081.53097922/marillat-site.jpg'),(174,'Jordan','Amavi',NULL,19,'',10,0,0,0,0,0,'https://cdn-3.sb29.bzh/scripts/files/650d85fa0be0a4.83806273/amavi-site.jpg'),(175,'Lilian','Brassier',NULL,3,'',10,0,0,0,0,0,'https://cdn-1.sb29.bzh/scripts/files/64d0a7aa42fb88.93785373/brassier-site.jpg'),(176,'Antonin','Cartillier',NULL,18,'',10,0,0,0,0,0,'https://cdn-2.sb29.bzh/scripts/files/65d5c89369fc15.25275598/18-cartillier.jpg'),(177,'Brendan','Chardonnet',NULL,5,'',10,0,0,0,0,0,'https://cdn-3.sb29.bzh/scripts/files/64d0f8606ceda7.97190152/chardonnet-site.jpg'),(178,'Achraf','Dari',NULL,4,'',10,0,0,0,0,0,'https://cdn-1.sb29.bzh/scripts/files/64d0f8606fb069.10518295/dari-site.jpg'),(179,'Josué','Escartin',NULL,44,'',10,0,0,0,0,0,'https://cdn-2.sb29.bzh/scripts/files/64d0f8dcbfb594.78304332/escartin-site.jpg'),(180,'Kenny','Lala',NULL,27,'',10,0,0,0,0,0,'https://cdn-3.sb29.bzh/scripts/files/64d0f8dcc0ecc3.24654629/lala-site.jpg'),(181,'Julien','Le Cardinal',NULL,25,'',10,0,0,0,0,0,'https://cdn-1.sb29.bzh/scripts/files/650d86aac3e029.70724789/LE-CARDINAL-SITE.jpg'),(182,'Bradley','Locko',NULL,2,'',10,0,0,0,0,0,'https://cdn-2.sb29.bzh/scripts/files/64d0d813836d51.60296064/locko-site.jpg'),(183,'Luck','Zogbé',NULL,12,'',10,0,0,0,0,0,'https://cdn-3.sb29.bzh/scripts/files/65d5c8940e26b8.12385356/12-zobge.png'),(184,'Mahdi','Camara',NULL,45,'',10,0,0,0,0,0,'https://cdn-1.sb29.bzh/scripts/files/64d0a7aa450470.61216034/camara-site.jpg'),(185,'Romain','Del Castillo',NULL,10,'',10,0,0,0,0,0,'https://cdn-2.sb29.bzh/scripts/files/64d0f8dcc1e087.03065494/DEL-CASTILLO-SITE.jpg'),(186,'Kamory','Doumbia',NULL,23,'',10,0,0,0,0,0,'https://cdn-3.sb29.bzh/scripts/files/650d874de194c7.84580964/doumbia-site.jpg'),(187,'Dembélé Kader','Karamoko',NULL,18,'',10,0,0,0,0,0,'https://cdn-1.sb29.bzh/scripts/files/64d0f8dcc26884.05058901/karamoko-site.jpg'),(188,'Adrien','Lebeau',NULL,14,'',10,0,0,0,0,0,'https://cdn-2.sb29.bzh/scripts/files/64d1029c13aff6.64106098/lebeau-site.jpg'),(189,'Pierre','Lees-Melou',NULL,20,'',10,0,0,0,0,0,'https://cdn-3.sb29.bzh/scripts/files/64d0f8dcc2ef19.44569741/lees-melou-site.jpg'),(190,'Hugo','Magnetti',NULL,8,'',10,0,0,0,0,0,'https://cdn-1.sb29.bzh/scripts/files/64d0f8dcc35f59.87568805/magnetti-site.jpg'),(191,'Jonas','Martin',NULL,28,'',10,0,0,0,0,0,'https://cdn-2.sb29.bzh/scripts/files/64d106aac48d81.12251430/martin-site.jpg'),(192,'Hianga\'a','Mbock',NULL,18,'',10,0,0,0,0,0,'https://cdn-3.sb29.bzh/scripts/files/64d1029c153824.36359565/mbock-site.jpg'),(193,'Mathias','Mathias',NULL,26,'',10,0,0,0,0,0,'https://cdn-1.sb29.bzh/scripts/files/64d0f8dcc3e3f2.68069746/PEREIRA-LAGE-SITE.jpg'),(194,'Taïryk','Taïryk',NULL,97,'',10,0,0,0,0,0,'https://cdn-2.sb29.bzh/scripts/files/64d0a56336f1b8.54168024/arconte-site.jpg'),(195,'Billal','Billal',NULL,21,'',10,0,0,0,0,0,'https://cdn-3.sb29.bzh/scripts/files/650d874de38fe2.30224375/brahimi-site.jpg'),(196,'Axel','Axel',NULL,11,'',10,0,0,0,0,0,'https://cdn-1.sb29.bzh/scripts/files/64d0d813876798.36166578/camblan-site.jpg'),(197,'Jérémy','Jérémy',NULL,22,'',10,0,0,0,0,0,'https://cdn-2.sb29.bzh/scripts/files/64d0f8dcc4cf78.49098224/LE-DOUARON-SITE.jpg'),(198,'Steve','Steve',NULL,9,'',10,0,0,0,0,0,'https://cdn-3.sb29.bzh/scripts/files/64d0f8dcc54be4.51220843/mounie-site.jpg'),(199,'Martin','Martin',NULL,7,'',10,0,0,0,0,0,'https://cdn-1.sb29.bzh/scripts/files/64d106aac6d533.12585695/satriano-site.jpg'),(200,'Lukas','Hradecky',NULL,1,'',1,0,0,0,0,0,'https://b04-ep-media-prod.azureedge.net/pickerimages/Hradecky_S2324_1537h_536711_XL.png'),(201,'Matej','Kovar',NULL,17,'',1,0,0,0,0,0,'https://b04-ep-media-prod.azureedge.net/pickerimages/Kovar_S2324_6820h_550468_XL.png'),(202,'Niklas','Lomb',NULL,36,'',1,0,0,0,0,0,'https://b04-ep-media-prod.azureedge.net/pickerimages/Lomb_S2324_2847h_536715_XL.png'),(203,'Josip','Stanišić',NULL,2,'',1,0,0,0,0,0,'https://b04-ep-media-prod.azureedge.net/pickerimages/Josip_Stanisic_S2324_0982_554721_XL.png'),(204,'Piero','Hincapié',NULL,3,'',1,0,0,0,0,0,'https://b04-ep-media-prod.azureedge.net/pickerimages/20230801_JS_Hincapie_0434h_535173_XL.png'),(205,'Jonathan','Tah',NULL,4,'',1,0,0,0,0,0,'https://b04-ep-media-prod.azureedge.net/pickerimages/Tah_S2324_1158h_535061_XL.png'),(206,'Odilon','Kossounou',NULL,6,'',1,0,0,0,0,0,'https://b04-ep-media-prod.azureedge.net/pickerimages/Kossounou_S2324_3728h_535049_XL.png'),(207,'Edmon','Tapsoba',NULL,12,'',1,0,0,0,0,0,'https://b04-ep-media-prod.azureedge.net/pickerimages/Tapsoba_S2324_3003h_535063_XL.png'),(208,'Arthur',NULL,NULL,13,'',1,0,0,0,0,0,'https://b04-ep-media-prod.azureedge.net/pickerimages/Arthur_S2324_3347h_535033_XL.png'),(209,'Alejandro','Grimaldo',NULL,20,'',1,0,0,0,0,0,'https://b04-ep-media-prod.azureedge.net/pickerimages/Grimaldo_S2324_3503h_535041_XL.png'),(210,'Timothy','Fosu-Mensah',NULL,24,'',1,0,0,0,0,0,'https://b04-ep-media-prod.azureedge.net/pickerimages/Fosu-Mensah_S2324_4932h_535037_XL.png'),(211,'Jeremie','Frimpong',NULL,30,'',1,0,0,0,0,0,'https://b04-ep-media-prod.azureedge.net/pickerimages/Frimpong_S2324_2528h_535039_XL.png'),(212,'Madi','Monaway',NULL,31,'',1,0,0,0,0,0,'https://b04-ep-media-prod.azureedge.net/pickerimages/Monamay_S2324_4599h_535055_XL.png'),(213,'Jonas','Hofmann',NULL,7,'',1,0,0,0,0,0,'https://b04-ep-media-prod.azureedge.net/pickerimages/Hofmann_S2324_1797h_535047_XL.png'),(214,'Robert','Andrich',NULL,8,'',1,0,0,0,0,0,'https://b04-ep-media-prod.azureedge.net/pickerimages/Andrich_S2324_1357h_535029_XL.png'),(216,'Florian','Wirtz',NULL,10,'',1,0,0,0,0,0,' https://b04-ep-media-prod.azureedge.net/pickerimages/Wirtz_S2324_3179h_535065_M.png'),(217,'Noah','Mbamba',NULL,18,'',1,0,0,0,0,0,'https://b04-ep-media-prod.azureedge.net/pickerimages/Mbamba_S2324_5094h_535053_XL.png'),(218,'Exequiel','Palacios',NULL,25,'',1,0,0,0,0,0,'https://b04-ep-media-prod.azureedge.net/pickerimages/Palacios_S2324_5512h_535057_XL.png'),(219,'Gustavo','Puerta',NULL,32,'',1,0,0,0,0,0,'https://b04-ep-media-prod.azureedge.net/pickerimages/Puerta_S2324_4025h_535059_XL.png'),(220,'Granit','Xhaka',NULL,34,'',1,0,0,0,0,0,'https://b04-ep-media-prod.azureedge.net/pickerimages/Xhaka_S2324_2660h_535071_XL.png'),(221,'Ayman','Aourir',NULL,47,'',1,0,0,0,0,0,'https://b04-ep-media-prod.azureedge.net/pickerimages/Aourir_S2324_4505h_535031_XL.png'),(222,'Borja','Iglesias',NULL,9,'',1,0,0,0,0,0,'https://b04-ep-media-prod.azureedge.net/pickerimages/Iglesias_S2324_82124h_594399_XL.png'),(223,'Patrik','Schick',NULL,14,'',1,0,0,0,0,0,'https://b04-ep-media-prod.azureedge.net/pickerimages/Schick_S2324_0769_555984_XL.png'),(224,'Nathan','Tella',NULL,19,'',1,0,0,0,0,0,'https://b04-ep-media-prod.azureedge.net/pickerimages/Nathan_Tella_S2324_0865_554722_XL.png'),(225,'Amine','Adli',NULL,21,'',1,0,0,0,0,0,'https://b04-ep-media-prod.azureedge.net/pickerimages/Adli_S2324_4348h_535025_XL.png'),(226,'Victor','Boniface',NULL,22,'',1,0,0,0,0,0,'https://b04-ep-media-prod.azureedge.net/pickerimages/20230801_JS_Boniface_0341h_535162_XL.png'),(227,'Adam','Hlozek',NULL,23,'',1,0,0,0,0,0,'https://b04-ep-media-prod.azureedge.net/pickerimages/Hlozek_S2324_5322h_535043_XL.png'),(251,'Erick ','Barrera Romero','Barro',7,'Delantero',27,1,0,0,0,0,'https://soccer.castelancarpinteyro.com/assets/img/teams/players/player-img-251.jpeg'),(252,'Carlos Gamali','Ramirez Perez','Gama',20,'Mediocampista',27,0,0,0,0,0,'https://soccer.castelancarpinteyro.com/assets/img/teams/players/player-img-252.jpeg'),(253,'Juan Miguel','Madrid Ordoñez','Migue',18,'Delantero',27,0,0,0,0,0,'https://soccer.castelancarpinteyro.com/assets/img/teams/players/player-img-253.jpeg'),(254,'José Luis','González Zamora','Luis',31,'Extremo',27,0,0,0,0,0,'https://soccer.castelancarpinteyro.com/assets/img/teams/players/player-img-254.png'),(283,'Dante','Castelán Carpinteyro','Ramdeuter',25,'Mediocampista',30,0,0,0,0,0,'https://soccer.castelancarpinteyro.com/assets/img/teams/players/player-img-283.png'),(284,'Yoshua Rameli','Adán Pérez','el Chochuas',33,'Delantero',30,0,0,0,0,0,'https://soccer.castelancarpinteyro.com/assets/img/teams/players/player-img-284.png'),(285,'Jonatan','Badillo','Jony',10,'Delantero',30,0,0,0,0,0,'https://soccer.castelancarpinteyro.com/assets/img/teams/players/player-img-285.jpg');
/*!40000 ALTER TABLE `players` ENABLE KEYS */;
UNLOCK TABLES;

--
-- Table structure for table `referees`
--

DROP TABLE IF EXISTS `referees`;
/*!40101 SET @saved_cs_client     = @@character_set_client */;
/*!40101 SET character_set_client = utf8 */;
CREATE TABLE `referees` (
  `id_referee` int(10) unsigned NOT NULL AUTO_INCREMENT,
  `name_referee` varchar(255) NOT NULL,
  `last_names_referee` varchar(255) DEFAULT NULL,
  `matches_referee` int(10) unsigned DEFAULT 0,
  PRIMARY KEY (`id_referee`)
) ENGINE=InnoDB AUTO_INCREMENT=16 DEFAULT CHARSET=utf8mb3 COLLATE=utf8mb3_general_ci;
/*!40101 SET character_set_client = @saved_cs_client */;

--
-- Dumping data for table `referees`
--

LOCK TABLES `referees` WRITE;
/*!40000 ALTER TABLE `referees` DISABLE KEYS */;
INSERT INTO `referees` VALUES (1,'Grace','Porter',3),(2,'Sakura','Endo',2),(3,'Joshua','Fox',1),(4,'Ren','Aoki',3),(5,'Christopher','Hunt',3),(6,'Momoe','Ishikawa',2),(7,'Miu','Arimura',1),(8,'Stephanie','Hunt',2),(9,'Momoka','Yoshida',2),(10,'Carl','Alvarez',2),(11,'Carmen','Mason',1),(12,'Sara','Taniguchi',2),(13,'Rin','Yamamoto',2),(14,'Mai','Sakurai',2),(15,'Anne','Ortiz',1);
/*!40000 ALTER TABLE `referees` ENABLE KEYS */;
UNLOCK TABLES;

--
-- Table structure for table `stats`
--

DROP TABLE IF EXISTS `stats`;
/*!40101 SET @saved_cs_client     = @@character_set_client */;
/*!40101 SET character_set_client = utf8 */;
CREATE TABLE `stats` (
  `id_stat` int(10) unsigned NOT NULL AUTO_INCREMENT,
  `type_stat` varchar(255) NOT NULL,
  `timestamp_stat` timestamp NOT NULL DEFAULT '0000-00-00 00:00:00' ON UPDATE current_timestamp(),
  `stat_match_id` int(10) unsigned NOT NULL,
  `stat_player_id` int(10) unsigned NOT NULL,
  `stat_referee_id` int(10) unsigned DEFAULT NULL,
  `stat_team_id` int(10) unsigned NOT NULL,
  `stat_details` text DEFAULT NULL,
  PRIMARY KEY (`id_stat`),
  KEY `stats_match_id` (`stat_match_id`),
  KEY `stats_player_id` (`stat_player_id`),
  KEY `stats_team_id` (`stat_team_id`),
  KEY `stats_referee_id` (`stat_referee_id`),
  CONSTRAINT `stats_match_id` FOREIGN KEY (`stat_match_id`) REFERENCES `matches` (`id_match`) ON DELETE NO ACTION ON UPDATE CASCADE,
  CONSTRAINT `stats_player_id` FOREIGN KEY (`stat_player_id`) REFERENCES `players` (`id_player`) ON DELETE NO ACTION ON UPDATE CASCADE,
  CONSTRAINT `stats_referee_id` FOREIGN KEY (`stat_referee_id`) REFERENCES `referees` (`id_referee`) ON DELETE NO ACTION ON UPDATE CASCADE,
  CONSTRAINT `stats_team_id` FOREIGN KEY (`stat_team_id`) REFERENCES `teams` (`id_team`) ON DELETE NO ACTION ON UPDATE CASCADE
) ENGINE=InnoDB AUTO_INCREMENT=11 DEFAULT CHARSET=utf8mb3 COLLATE=utf8mb3_general_ci;
/*!40101 SET character_set_client = @saved_cs_client */;

--
-- Dumping data for table `stats`
--

LOCK TABLES `stats` WRITE;
/*!40000 ALTER TABLE `stats` DISABLE KEYS */;
INSERT INTO `stats` VALUES (6,'foul','2024-05-10 06:57:12',22,1,2,2,'0|2|0'),(7,'foul','2024-05-10 07:10:01',22,1,2,2,'1|2|0'),(8,'foul','2024-05-10 07:12:37',22,1,2,2,'5|2|2|0'),(9,'goal','2024-05-10 07:24:41',4,1,2,2,'0|1|0'),(10,'goal','2024-05-10 07:25:22',4,251,2,2,'1|0|0');
/*!40000 ALTER TABLE `stats` ENABLE KEYS */;
UNLOCK TABLES;

--
-- Table structure for table `teams`
--

DROP TABLE IF EXISTS `teams`;
/*!40101 SET @saved_cs_client     = @@character_set_client */;
/*!40101 SET character_set_client = utf8 */;
CREATE TABLE `teams` (
  `id_team` int(10) unsigned NOT NULL AUTO_INCREMENT,
  `name_team` varchar(255) NOT NULL,
  `coach_team` varchar(255) DEFAULT NULL,
  `wins_team` int(10) unsigned DEFAULT 0,
  `draws_team` int(10) unsigned DEFAULT 0,
  `losses_team` int(10) unsigned DEFAULT 0,
  `goals_for_team` int(10) unsigned DEFAULT 0,
  `goals_against_team` int(10) unsigned DEFAULT 0,
  `points_team` int(10) unsigned DEFAULT (`wins_team` * 3 + `draws_team`),
  `description_teams` text DEFAULT NULL,
  `icon_team` text DEFAULT NULL,
  PRIMARY KEY (`id_team`)
) ENGINE=InnoDB AUTO_INCREMENT=31 DEFAULT CHARSET=utf8mb3 COLLATE=utf8mb3_general_ci;
/*!40101 SET character_set_client = @saved_cs_client */;

--
-- Dumping data for table `teams`
--

LOCK TABLES `teams` WRITE;
/*!40000 ALTER TABLE `teams` DISABLE KEYS */;
INSERT INTO `teams` VALUES (1,'Bayer 04 Leverkusen','Xabi Alonso',25,4,0,74,0,79,NULL,'https://upload.wikimedia.org/wikipedia/en/thumb/5/59/Bayer_04_Leverkusen_logo.svg/1200px-Bayer_04_Leverkusen_logo.svg.png'),(2,'FC Bayern München','Thomas Tuchel',20,3,6,82,0,63,NULL,'https://upload.wikimedia.org/wikipedia/commons/thumb/1/1b/FC_Bayern_M%C3%BCnchen_logo_%282017%29.svg/2048px-FC_Bayern_M%C3%BCnchen_logo_%282017%29.svg.png'),(3,'Manchester City','Pep Guardiola',22,7,3,75,0,73,NULL,'https://upload.wikimedia.org/wikipedia/en/thumb/e/eb/Manchester_City_FC_badge.svg/1200px-Manchester_City_FC_badge.svg.png'),(4,'Arsenal FC','Míkel Arteta',22,5,5,75,0,71,NULL,'https://upload.wikimedia.org/wikipedia/hif/8/82/Arsenal_FC.png'),(5,'Real Madrid CF','Carlo Ancelotti',24,6,1,67,0,78,NULL,'https://upload.wikimedia.org/wikipedia/en/thumb/5/56/Real_Madrid_CF.svg/1200px-Real_Madrid_CF.svg.png'),(6,'FC Barcelona','Xavi Hernández',21,7,3,62,0,70,NULL,'https://upload.wikimedia.org/wikipedia/en/thumb/4/47/FC_Barcelona_%28crest%29.svg/1200px-FC_Barcelona_%28crest%29.svg.png'),(7,'Internazionale Milano','Simeone Inzagui',26,5,1,77,0,83,NULL,'https://upload.wikimedia.org/wikipedia/commons/thumb/0/05/FC_Internazionale_Milano_2021.svg/480px-FC_Internazionale_Milano_2021.svg.png'),(8,'AC Milan','Stefano Pioli',21,6,5,63,0,69,NULL,'https://upload.wikimedia.org/wikipedia/commons/thumb/d/d0/Logo_of_AC_Milan.svg/1306px-Logo_of_AC_Milan.svg.png'),(9,'Paris Saint Germain','Luis Enrique',18,9,1,65,0,63,NULL,'https://upload.wikimedia.org/wikipedia/en/thumb/a/a7/Paris_Saint-Germain_F.C..svg/1200px-Paris_Saint-Germain_F.C..svg.png'),(10,'Stade Brestois 29','Éric Roy',15,8,6,44,0,53,NULL,'https://upload.wikimedia.org/wikipedia/en/thumb/0/05/Stade_Brestois_29_logo.svg/1200px-Stade_Brestois_29_logo.svg.png'),(27,'AJOLOTES ','José Luis González zamora',NULL,NULL,NULL,NULL,NULL,NULL,'Equipo de fútbol fundado en el año 2001 conformado por ex alumnos de cecyte, con la intención de seguir formando jugadores integrales.','https://soccer.castelancarpinteyro.com/assets/img/teams/team-logo-27.png'),(30,'Rancheritos FC','Fernando González',NULL,NULL,NULL,NULL,NULL,NULL,'Somos un equipo de entusiastas y queremos pelear por el título.','https://soccer.castelancarpinteyro.com/assets/img/teams/team-logo-30.png');
/*!40000 ALTER TABLE `teams` ENABLE KEYS */;
UNLOCK TABLES;

--
-- Table structure for table `users`
--

DROP TABLE IF EXISTS `users`;
/*!40101 SET @saved_cs_client     = @@character_set_client */;
/*!40101 SET character_set_client = utf8 */;
CREATE TABLE `users` (
  `id_user` int(10) unsigned NOT NULL AUTO_INCREMENT,
  `name_user` varchar(255) NOT NULL,
  `last_names_user` varchar(255) NOT NULL,
  `email_user` varchar(255) NOT NULL,
  `password_user` varchar(255) NOT NULL,
  `role_user` smallint(5) unsigned NOT NULL DEFAULT 0,
  `managed_team_id_user` int(10) unsigned DEFAULT NULL,
  `referee_id_user` int(10) unsigned DEFAULT NULL,
  PRIMARY KEY (`id_user`) USING BTREE,
  KEY `managed_team_id_user_fk_users` (`managed_team_id_user`),
  KEY `referee_id_user_fk_users` (`referee_id_user`),
  CONSTRAINT `managed_team_id_user_fk_users` FOREIGN KEY (`managed_team_id_user`) REFERENCES `teams` (`id_team`) ON DELETE NO ACTION ON UPDATE CASCADE,
  CONSTRAINT `referee_id_user_fk_users` FOREIGN KEY (`referee_id_user`) REFERENCES `referees` (`id_referee`) ON DELETE NO ACTION ON UPDATE CASCADE
) ENGINE=InnoDB AUTO_INCREMENT=3 DEFAULT CHARSET=utf8mb3 COLLATE=utf8mb3_general_ci ROW_FORMAT=DYNAMIC;
/*!40101 SET character_set_client = @saved_cs_client */;

--
-- Dumping data for table `users`
--

LOCK TABLES `users` WRITE;
/*!40000 ALTER TABLE `users` DISABLE KEYS */;
INSERT INTO `users` VALUES (1,'Dante','Castelán Carpinteyro','dante@castelancarpinteyro.com','Fútbol11',0,30,3),(2,'José Luis','González Zamora','luis_gonzalez@outlook.com','Ajolotes',0,27,NULL);
/*!40000 ALTER TABLE `users` ENABLE KEYS */;
UNLOCK TABLES;
/*!40103 SET TIME_ZONE=@OLD_TIME_ZONE */;

/*!40101 SET SQL_MODE=@OLD_SQL_MODE */;
/*!40014 SET FOREIGN_KEY_CHECKS=@OLD_FOREIGN_KEY_CHECKS */;
/*!40014 SET UNIQUE_CHECKS=@OLD_UNIQUE_CHECKS */;
/*!40101 SET CHARACTER_SET_CLIENT=@OLD_CHARACTER_SET_CLIENT */;
/*!40101 SET CHARACTER_SET_RESULTS=@OLD_CHARACTER_SET_RESULTS */;
/*!40101 SET COLLATION_CONNECTION=@OLD_COLLATION_CONNECTION */;
/*!40111 SET SQL_NOTES=@OLD_SQL_NOTES */;

-- Dump completed on 2024-05-10  1:39:20
